<?xml version="1.0" encoding="utf-8"?>
<Language_MessageAlert xmlns:xsd="http://www.w3.org/2001/XMLSchema" xmlns:xsi="http://www.w3.org/2001/XMLSchema-instance">
  <Message_Launcher_Settings_Error_A>การกำหนดค่า [ </Message_Launcher_Settings_Error_A>
  <Message_Launcher_Settings_Error_B> ] ไม่ถูกต้อง!</Message_Launcher_Settings_Error_B>
  <Message_Launcher_Path_Not_Found_FiveM>ไม่พบที่อยู่ FiveM โปรดระบุที่ 'การตั้งค่า'!</Message_Launcher_Path_Not_Found_FiveM>
  <Message_Launcher_Path_Not_Found_TeamSpeak>ไม่พบที่อยู่ TeamSpeak โปรดระบุที่ 'การตั้งค่า'!</Message_Launcher_Path_Not_Found_TeamSpeak>
  <Message_Launcher_Copy_Name_Steam_Offline>คัดลอก UserName ล้มเหลวเนื่องจาก Steam ของคุณออฟไลน์!</Message_Launcher_Copy_Name_Steam_Offline>
  <Message_Launcher_Copy_Name_Steam_Online>คัดลอก UserName เรียบร้อยแล้ว ใช้ Ctrl + V เพื่อวาง</Message_Launcher_Copy_Name_Steam_Online>
  <Message_Launcher_Copy_ID_Steam_Offline>คัดลอก ID ล้มเหลวเนื่องจาก Steam ของคุณออฟไลน์!</Message_Launcher_Copy_ID_Steam_Offline>
  <Message_Launcher_Copy_ID_Steam_Online>คัดลอก ID เรียบร้อยแล้ว ใช้ Ctrl + V เพื่อวาง</Message_Launcher_Copy_ID_Steam_Online>
  <Message_Launcher_Delete_Path_Location_FiveM>ลบที่อยู่ของ FiveM เสร็จสิ้น</Message_Launcher_Delete_Path_Location_FiveM>
  <Message_Launcher_Delete_Path_Location_TeamSpeak>ลบที่อยู่ของ TeamSpeak เสร็จสิ้น</Message_Launcher_Delete_Path_Location_TeamSpeak>
  <Message_Launcher_Save_Path_Location_FiveM>บันทึกที่อยู่ของ FiveM เสร็จสิ้น</Message_Launcher_Save_Path_Location_FiveM>
  <Message_Launcher_Save_Path_Location_TeamSpeak>บันทึกที่อยู่ของ TeamSpeak เสร็จสิ้น</Message_Launcher_Save_Path_Location_TeamSpeak>
  <Message_Launcher_Save_Path_Location_Error_A>มีบางอย่างไม่ถูกต้อง โปรดลองอีกครั้ง!</Message_Launcher_Save_Path_Location_Error_A>
  <Message_Launcher_Save_Path_Location_Error_B>ไม่สามารถบันทึกที่อยู่ได้เนื่องจากระบบตรวจพบที่อยู่เดิม โปรดลบที่อยู่เดิมแล้วลองอีกครั้ง!</Message_Launcher_Save_Path_Location_Error_B>
  <Message_Launcher_Confirm_Set_Default>คุณแน่ใจใช่หรือไม่ที่จะใช้ค่าเริ่มต้น? สิ่งต่างๆที่คุณตั้งค่าไว้จะถูกลบ!</Message_Launcher_Confirm_Set_Default>
  <Message_Launcher_Confirm_Uninstall>คุณแน่ใจใช่หรือไม่ที่จะถอนการติดตั้งรันเชอร์?</Message_Launcher_Confirm_Uninstall>
  <Message_Launcher_Confirm_Delete_Cache>คุณแน่ใจใช่หรือไม่ที่จะลบไฟล์แคชของ FiveM? คุณอาจต้องดาวน์โหลด Resources ของเซิร์ฟเวอร์ใหม่อีกครั้ง (เฉพาะครั้งแรกเท่านั้น)</Message_Launcher_Confirm_Delete_Cache>
  <Message_Launcher_Delete_Cache_Success>ระบบทำการลบไฟล์แคชของ FiveM เสร็จสิ้น</Message_Launcher_Delete_Cache_Success>
  <Message_Launcher_Delete_Cache_UnSuccess>ระบบไม่พบที่อยู่ของ FiveM โปรดกำหนดที่อยู่!</Message_Launcher_Delete_Cache_UnSuccess>
  <Message_Launcher_File_Not_Found_FiveM>เราไม่แน่ใจว่านี่คือที่อยู่ที่ถูกต้อง เนื่องจากเราไม่พบไฟล์ FiveM.exe ของคุณโปรดตรวจสอบและลองอีกครั้ง!

*คำแนะนำ*
1.คุณไม่จำเป็นต้องเพิ่ม \FiveM.exe ให้เรา ระบบจะเพิ่มให้อัตโนมัติ
2.หากที่อยู่ที่คุณวางไปเมื่อสักครู่ลงท้ายด้วย 'ที่อยู่ของคุณ\FiveM.app' ให้คุณลบ \FiveM.app ออกและลองอีกครั้ง
3.โปรดติดต่อแอดมินเพื่อขอความช่วยเหลือ</Message_Launcher_File_Not_Found_FiveM>
  <Message_Launcher_File_Not_Found_TeamSpeak>เราไม่แน่ใจว่านี่คือที่อยู่ที่ถูกต้อง เนื่องจากเราไม่พบไฟล์ ts3client_win64.exe ของคุณโปรดตรวจสอบและลองอีกครั้ง!

*คำแนะนำ*
1.คุณไม่จำเป็นต้องเพิ่ม \ts3client_win64.exe ให้เรา ระบบจะเพิ่มให้อัตโนมัติ
2.โปรดติดต่อแอดมินเพื่อขอความช่วยเหลือ</Message_Launcher_File_Not_Found_TeamSpeak>
  <Message_Launcher_Auto_Exit>Launcher จะปิดตัวลงใน 10 วินาที</Message_Launcher_Auto_Exit>
</Language_MessageAlert>