<?xml version="1.0" encoding="utf-8"?>
<Language_Status xmlns:xsd="http://www.w3.org/2001/XMLSchema" xmlns:xsi="http://www.w3.org/2001/XMLSchema-instance">
  <Hello>สวัสดีคุณ</Hello>
  <Daytime>วันนี้ขอให้สนุก</Daytime>
  <Night>คืนนี้ขอให้สนุก</Night>
  <InternetOffline>ดูเหมือนว่าคุณไม่มีอินเทอร์เน็ตนะ</InternetOffline>
  <SteamOffline>ดูเหมือนว่าคุณไม่ได้เปิด Steam ไว้นะ</SteamOffline>
  <ServerOffline>ดูเหมือนว่าเซิร์ฟเวอร์ปิดอยู่นะ</ServerOffline>
  <FiveMRuning>ดูเหมือนว่า FiveM ของคุณใช้งานอยู่นะ</FiveMRuning>
  <LoadingLauncher>กำลังโหลดรันเชอร์</LoadingLauncher>
  <TextServerOnline>ออนไลน์</TextServerOnline>
  <TextServerOffline>ออฟไลน์</TextServerOffline>
  <OpenSteamForServer>โปรดเปิด Steam</OpenSteamForServer>
  <TextOpenLauncherTime>(อาจใช้เวลาในการโหลด 2-25 วินาที)</TextOpenLauncherTime>
  <ConnectedInternet>โปรดเชื่อมต่ออินเตอร์เน็ต</ConnectedInternet>
</Language_Status>