<?xml version="1.0" encoding="utf-8"?>
<Language_UI xmlns:xsd="http://www.w3.org/2001/XMLSchema" xmlns:xsi="http://www.w3.org/2001/XMLSchema-instance">
  <Play_Button>เล่น</Play_Button>
  <Settings_Button>การตั้งค่า</Settings_Button>
  <Discord_Button>ดิสคอร์ด</Discord_Button>
  <Facebook_Button>เฟซบุ๊ก</Facebook_Button>
  <Close_Button>ออก</Close_Button>
  <Download_TeamSpeak_Button>ดาวน์โหลด TeamSpeak</Download_TeamSpeak_Button>
  <Download_Plugins_Button>ดาวน์โหลดปลั๊กอิน</Download_Plugins_Button>
  <Settings_Plugins_Button>แสดง</Settings_Plugins_Button>
  <Save_Path_TeamSpeak_Button>บันทึกที่อยู่ TeamSpeak</Save_Path_TeamSpeak_Button>
  <Delete_Path_TeamSpeak_Button>ลบที่อยู่ TeamSpeak</Delete_Path_TeamSpeak_Button>
  <Save_Path_FiveM_Button>บันทึกที่อยู่ FiveM</Save_Path_FiveM_Button>
  <Delete_Path_FiveM_Button>ลบที่อยู่ FiveM</Delete_Path_FiveM_Button>
  <Delete_Cache_Button>ลบไฟล์แคช FiveM</Delete_Cache_Button>
  <Set_Default_Button>ใช้ค่าเริ่มต้น</Set_Default_Button>
  <Uninstall_Button>ถอนการติดตั้ง</Uninstall_Button>
  <KCDiscord_Button>ดิสคอร์ดผู้พัฒนา</KCDiscord_Button>
  <Text_TokoVoip>TokoVoip</Text_TokoVoip>
  <Text_Location_TeamSpeak>ที่อยู่ไฟล์ TeamSpeak</Text_Location_TeamSpeak>
  <Text_Location_FiveM>ที่อยู่ไฟล์ FiveM</Text_Location_FiveM>
  <Text_Cache_FiveM>ไฟล์แคช FiveM</Text_Cache_FiveM>
  <Text_Steam_Info>ข้อมูล Steam</Text_Steam_Info>
  <Text_Server_Info>ข้อมูลเซิร์ฟเวอร์</Text_Server_Info>
  <Text_Launcher>รันเชอร์</Text_Launcher>
  <Text_TeamSpeak>TeamSpeak</Text_TeamSpeak>
  <Text_Plugins>ปลั๊กอิน TokoVoip</Text_Plugins>
  <Text_Settings_Plugins>การตั้งค่าปลั๊กอิน</Text_Settings_Plugins>
  <Text_UserName_Steam>ชื่อผู้ใช้ : </Text_UserName_Steam>
  <Text_UserID_Steam>ไอดีผู้ใช้ : </Text_UserID_Steam>
  <Text_Server_Name>ชื่อเซิร์ฟเวอร์ : </Text_Server_Name>
  <Text_Server_Status>สถานะเซิร์ฟเวอร์ : </Text_Server_Status>
  <Text_Server_Players>ผู้เล่นในเซิร์ฟเวอร์ : </Text_Server_Players>
  <Text_Server_FXServer>FXServer : </Text_Server_FXServer>
  <Text_Confirm_Exit_App>โปรดยืนยันอีกครั้ง!</Text_Confirm_Exit_App>
  <Restart_Laucher_Button>แค่รีสตาร์ทรันเชอร์</Restart_Laucher_Button>
  <Confirm_Exit_Laucher_Button>ออกจากรันเชอร์</Confirm_Exit_Laucher_Button>
</Language_UI>